kode_bps,nama_bps,kode_dagri,nama_dagri,level
7325080011,TEROMU,73.24.01.2004,TEROMU,desa
7325080001,BALAI KEMBANG,73.24.01.2011,BALAI KEMBANG,desa
7325080002,MANGGALA,73.24.01.2007,MANGGALA,desa
7325080006,WONOREJO,73.24.01.2002,WONOREJO,desa
7325080007,MALEKU,73.24.01.2001,MALEKU,desa
7325080008,PANCA KARSA,73.24.01.2013,PANCA KARSA,desa
7325080009,MARGOLEMBO,73.24.01.2003,MARGOLEMBO,desa
7325080010,KASINTUWU,73.24.01.2009,KASINTUWU,desa
7325080012,WONOREJO TIMUR,73.24.01.2015,WONOREJO TIMUR,desa
7325080013,SINDU AGUNG,73.24.01.2014,SINDU AGUNG,desa
7325080014,KORONCIA,73.24.01.2016,KORONCIA,desa
7325081004,ARGOMULYO,73.24.10.2005,ARGOMULYO,desa
7325081005,SUMBER AGUNG,73.24.10.2002,SUMBER AGUNG,desa
7325081012,PERTASI KENCANA,73.24.10.2003,PERTASI KENCANA,desa
7325081013,KALAENA KIRI,73.24.10.2001,KALAENA KIRI,desa
7325081014,NON BLOK,73.24.10.2004,NON BLOK,desa
7325081015,SUMBER MAKMUR,73.24.10.2006,SUMBER MAKMUR,desa
7325081016,MEKAR SARI,73.24.10.2007,MEKAR SARI,desa
7326010001,LEMBANG TOMBANG LANGDA,73.26.08.2006,LANGDA,desa
7326010002,LEMBANG  LANGDA,73.26.08.2004,TOMBANG LANGDA,desa
7326010003,LEMBANG NONONGAN SELATAN,73.26.08.2007,NONONGAN SELATAN,desa
7326010004,LEMBANG MARANTE,73.26.08.2005,MARANTE,desa
7326010005,LEMBANG SALU SOPAI,73.26.08.2003,SALU SOPAI,desa
7326010006,LEMBANG SALU SARRE,73.26.08.2008,SALU SARRE,desa
7326010007,LEMBANG SALU,73.26.08.2001,SALU,desa
7326010008,KELURAHAN NONONGAN UTARA,73.26.08.1002,NONONGAN UTARA,desa
7326020001,LEMBANG SANGBUA,73.26.15.2006,SANGBUA',desa
7326020002,LEMBANG TODONGKON,73.26.15.2007,TADONGKON,desa
7326020003,LEMBANG ANGIN-ANGIN,73.26.15.2005,ANGIN-ANGIN,desa
7326020004,LEMBANG TALLU LOLO,73.26.15.2001,TALLU LOLO,desa
7326020005,LEMBANG RINDINGBATU,73.26.15.2002,RINDING BATU,desa
7326020006,KELURAHAN BA'TAN,73.26.15.1003,BA'TAN,desa
7326020007,KELURAHAN PANTA'NAKAN LOLO,73.26.15.1004,PANTANAKAN LOLO,desa
7326030001,LEMBANG TALLUNG PENANIAN,73.26.07.2003,TALLUNG PENANIAN,desa
7326030002,LEMBANG PATA'  PADANG,73.26.07.2004,PATA'PADANG,desa
7326030003,KELURAHAN PA'PAELEAN,73.26.07.1006,PAEPALEAN,desa
7326030004,LEMBANG BUNTU LA'BO,73.26.07.2002,BUNTU LA'BO',desa
7326030005,LEMBANG TANDUNG LA'BO,73.26.07.2005,TANDUNG LA'BO',desa
7326040001,LEMBANG SAPAN KUA-KUA,73.26.05.2001,SAPAN KUA-KUA,desa
7326040002,LEMBANG  MISA BA'BANA,73.26.05.2003,MISA'BA'BANA,desa
7326040003,LEMBANG RINDING KILA',73.26.05.2002,RINDINGKILA',desa
7326040004,KELURAHAN TONGKONAN BASSE,73.26.05.1006,TONGKONAN BASSAE,desa
7326040005,LEMBANG ISSONG KALUA,73.26.05.2004,ISSONG KALUA',desa
7326040006,KELURAHAN TALLANG SURA',73.26.05.1005,TULLANG' SURA,desa
7326050001,LEMBANG RANTE BUA SANGGALANGI,73.26.18.2007,RANTEBUA SANGGALANGI,desa
7326050002,LEMBANG RANTE BUA SAMALU,73.26.18.2006,RANTEBUA SUMALU,desa
7326050003,LEMBANG RANTE BUA,73.26.18.2001,RANTEBUA,desa
7326050004,KELURAHAN BUANGIN,73.26.18.1005,BUANGIN,desa
7326050005,KELURAHAN BOKIN,73.26.18.1002,BOKIN,desa
7326050006,LEMBANG MAKKUAN PARE,73.26.18.2004,MA'KUAN PARE,desa
7326050007,LEMBANG PITUNG PENANIAN,73.26.18.2003,PITUNG PENANIAN,desa
7326060001,LEMBANG RANTE,73.26.03.2006,RANTE,desa
7326060002,LEMBANG KARRE PENANNIAN,73.26.03.2009,KARRE PANANIAN,desa
7326060003,LEMBANG KARRE LIMBONG,73.26.03.2005,KARRE LIMBONG,desa
7326060004,LEMBANG NANNA NANGGALA,73.26.03.2008,NANNA' NANGGALA,desa
7326060005,LEMBANG BASOKAN,73.26.03.2007,BASOKAN,desa
7326060006,LEMBANG NANGGALA,73.26.03.2002,TANDUNG NANGGALA,desa
7326060007,KELURAHAN NANGGALA SANGPIAK SALU,73.26.03.1004,NANGGALA SANPIAK SALU,desa
7326060009,LEMBANG LILIKIRA,73.26.03.2003,LILI'KIRA',desa
7326070001,LEMBANG TONDON,73.26.16.2002,TONDON,desa
7326070002,LEMBANG TONDON MATALLO,73.26.16.2004,TONDON MATALLO,desa
7326070003,LEMBANG TONDON LANGI,73.26.16.2001,TONDON LANGI',desa
7326070004,LEMBANG TONDON SIBA'TA,73.26.16.2003,TONDON SIBATA,desa
7326080001,KELURAHAN TAMPO TALLUNGLIPU,73.26.11.1003,TAMPO TALLUNGLIPU,desa
7326080002,KELURAHAN TAGARI TALLUNG LIPU,73.26.11.1004,TAGARI TALLUNGLIPU,desa
7326080003,KELURAHAN RANTE PAKU TALLUNGLIPU,73.26.11.1007,RANTE PAKUTALLUNGLIPU,desa
7326080004,KELURAHAN TALLUNGLIPU MATALLO,73.26.11.1001,TALLUNGLIPU MATALO,desa
7326080005,KELURAHAN TALLUNG LIPU,73.26.11.1005,TANTANAN TALLUNGLIPU,desa
7326080007,LEMBANG BUNTU TALLUNGLIPU,73.26.11.2006,BUNTU TALLUNGLIPU,desa
7326090001,LEMBANG SALOSO,73.26.01.2011,SALOSO,desa
7326090002,LEMBANG LIMBONG,73.26.01.2010,LIMBONG,desa
7326090003,KELURAHAN MENTIRO TIKU,73.26.01.1003,MENTIROTIKU,desa
7326090004,KELURAHAN LAANG TANDUK,73.26.01.1001,LAANG TANDUK,desa
7326090005,KELURAHAN SINGKI,73.26.01.1006,SINGKI',desa
7326090006,KELURAHAN KARASSIK,73.26.01.1007,KARASSIK,desa
7326090007,KELURAHAN RANTEPAO,73.26.01.1002,RANTEPAO,desa
7326090008,KELURAHAN RANTE PASELE,73.26.01.1009,RANTE PASELE,desa
7326090010,KELURAHAN MALANGO,73.26.01.1004,MANGGALO,desa
7326090011,KELURAHAN PENANIAN,73.26.01.1008,PENANIAN,desa
7326100001,KELURAHAN BUNTU BARANA,73.26.09.1002,BUNTU BARANA,desa
7326100002,KELURAHAN TIKALA,73.26.09.1001,TIKALA,desa
7326100003,LEMBANG SEREALE,73.26.09.2004,SEREALE,desa
7326100004,LEMBANG BUNTU BATU,73.26.09.2003,BUNTU BATU,desa
7326100005,LEMBANG EMBATAU,73.26.09.2005,EMBATAU,desa
7326100006,LEMBANG BENTENG KA'DO TO'RIA,73.26.09.2006,BENTENG KA'DO TO'REA,desa
7326100007,LEMBANG PANGDEN,73.26.09.2007,PANGDEN,desa
7326110001,LEMBANG BUNTU LOBO,73.26.02.2003,BUNTU LOBO',desa
7326110002,LEMBANG PARINDING,73.26.02.2006,PARINDING,desa
7326110003,KELURAHAN DERI,73.26.02.1005,DERI',desa
7326110004,LEMBANG BORI RANTATELOK,73.26.02.2007,BORI' RANTELETOK,desa
7326110005,KELURAHAN BORI,73.26.02.1001,BORI,desa
7326110006,LEMBANG BORI LOMBONGAN,73.26.02.2008,BORI' LOMBONGAN,desa
7326110007,KELURAHAN PANGLI SELATAN,73.26.02.1009,PANGLI SELATAN,desa
7326110008,KELURAHAN PANGLI,73.26.02.1002,PANGLI,desa
7326110009,KELURAHAN PALAWA',73.26.02.1004,PALAWA',desa
7326120001,LEMBANG PALANGI,73.26.10.2001,PALANGI',desa
7326120002,LEMBANG KARUA,73.26.10.2004,KARUA,desa
7326120003,LEMBANG LILIKIRA AO'GADING,73.26.10.2003,BALUSU AO GADING,desa
7326120004,LEMBANG AWAK KAWASIK,73.26.10.2006,AWA' KAWASIK,desa
7326120005,KELURAHAN TAGARI,73.26.10.1002,TAGARI,desa
7326120006,KELURAHAN  BALUSU,73.26.10.1005,BALUSU,desa
7326120007,LEMBANG BALUSU BANGUN LIPU,73.26.10.2007,BALUSU BANGUNLIPU,desa
7326130001,LEMBANG SA'DAN ANDULAN,73.26.06.2008,SA'DAN ANDULAN,desa
7326130002,LEMBANG SA'DAN TIRO ALLO,73.26.06.2007,SA'DAN TIROALLO,desa
7326130003,KELURAHAN SA'DAN MATALO,73.26.06.1004,SA'DAN MATALO,desa
7326130004,LEMBANG SANGKAROPI,73.26.06.2006,SANGKAROPI,desa
7326130005,KELURAHAN SA DAN MALIMBONG,73.26.06.1002,SA'DAN MALIMBONG,desa
7326130006,LEMBANG SADAN PABULIAN,73.26.06.2005,SA'DAN PEBULIAN,desa
7326130007,LEMBANG SADAN BALLO PASANGE,73.26.06.2003,SA'DAN BALLO PASANGE',desa
7326130008,LEMBANG SA'DAN LIKU LAMBE,73.26.06.2010,SA'DAN LUKU LAMBE'NA,desa
7326130009,LEMBANG SADAN PESONDONGAN,73.26.06.2009,SA'DAN PESONDONGAN,desa
7326130010,LEMBANG SADAN ULUSALU,73.26.06.2001,SA'DAN ULUSALU,desa
7326140001,LEMBANG TOYASA AKUNG,73.26.17.2001,TO'YASA AKUNG,desa
7326140002,LEMBANG BATU LIMBONG,73.26.17.2002,BATU LIMBONG,desa
7326140003,LEMBANG BANGKELE KILA,73.26.17.2003,BANGKELEKILA',desa
7326140004,LEMBANG TAMPAN BONGA,73.26.17.2004,TAMPAN BONGA,desa
7326150001,LEMBANG TONGA RIU,73.26.19.2004,TONGA RIU,desa
7326150002,LEMBANG LANDORUNDUN,73.26.19.2003,LANDORUNDUN,desa
7326150003,LEMBANG  SULOARA,73.26.19.2001,SULOARA',desa
7326150004,LEMBANG SESEAN MATALLO,73.26.19.2002,SESEAN MATALLO,desa
7326150005,LEMBANG LEMPO,73.26.19.2005,LEMPO,desa
7326160001,LEMBANG BENTENG MAMULLU,73.26.20.2006,BONTONG MAMULLU,desa
7326160002,LEMBANG KAPALA PITU,73.26.20.2005,KAPALA PITU,desa
7326160003,LEMBANG KANTUN POYA,73.26.20.2004,KANTUN POYA,desa
7326160004,LEMBANG BENTENG KA'DO,73.26.20.2001,BENTENG KA'DO,desa
7326160005,LEMBANG SIKUKU',73.26.20.2002,SIKUKU',desa
7326160006,LEMBANG POLO PADANG,73.26.20.2003,POLO PADANG,desa
7326170001,LEMBANG KAPOLANG,73.26.12.2006,KAPOLANG,desa
7326170002,LEMBANG PIONGAN,73.26.12.2003,PIONGAN,desa
7326170003,KELURAHAN PASANG,73.26.12.1004,PASANG,desa
7326170004,LEMBANG DENDE,73.26.12.2001,MADONG,desa
7326170005,LEMBANG PAKU,73.26.12.2005,PAKU,desa
7326170007,LEMBANG BUNTU TAGARI,73.26.12.2007,BUNTU TAGARI,desa
7326170008,LEMBANG PARINDING,73.26.12.2008,PARINDING,desa
7326180001,LEMBANG BATU LOTONG,73.26.21.2002,BATU LOTONG,desa
7326180002,LEMBANG AWAN,73.26.21.2004,LONDONG BIANG,desa
7326180004,LEMBANG BUNTU KARUA,73.26.21.2003,BUNTU KARUA,desa
7326190001,LEMBANG BUNTU BATU,73.26.04.2009,BUNTU BATU,desa
7326190002,KELURAHAN PANGALA,73.26.04.1002,PANGALA',desa
7326190003,LEMBANG AMPANG BATU,73.26.04.2007,AMPANG BATU,desa
7326190004,KELURAHAN PANGALA UTARA,73.26.04.1004,PANGALA' UTARA,desa
7326190005,LEMBANG MAI'TING,73.26.04.2001,LIMBONG MALTING,desa
7326190007,LEMBANG RINDING ALLO,73.26.04.2003,RINDINGALLO,desa
7326190009,LEMBANG LEMPO POTON,73.26.04.2008,LEMPO POTON,desa
7326200001,LEMBANG PARANDANGAN,73.26.13.2008,PARANDANGAN,desa
7326200002,LEMBANG BUNTU MINANGA,73.26.13.2001,BUNTU MINANGA,desa
7326200003,LEMBANG SARAMBU,73.26.13.2003,SARAMBU,desa
7326200004,KELURAHAN SAPAN,73.26.13.1002,SAPAN,desa
7326200005,LEMBANG RANTE UMA,73.26.13.2004,RANTE UMA,desa
7326200006,LEMBANG PULU-PULU,73.26.13.2006,PULU' PULU',desa
7326200007,LEMBANG PENGKAROAN MANUK,73.26.13.2011,PENGKAROAN MANUK,desa
7326200008,LEMBANG BATU BUSA,73.26.13.2012,BATU BUSA,desa
7326200009,LEMBANG ROROAN BARRA'-BARRA',73.26.13.2009,ROROAN BARRA'-BARRA',desa
7326200010,LEMBANG PANGKUNG BATU,73.26.13.2010,PANGKUNG BATU,desa
7326200011,LEMBANG PONGLU,73.26.13.2013,PONGLU,desa
7326200012,LEMBANG PAONGANAN,73.26.13.2007,PAONGANAN,desa
7326200013,LEMBANG TALIMBANGAN,73.26.13.2005,TALIMBANGAN,desa
7326210001,KELURAHAN BARUPPU SELATAN,73.26.14.1002,BARUPPU SELATAN,desa
7326210002,LEMBANG BARUPPU BENTENG BATU,73.26.14.2003,BARUPPU BENTENG BATU,desa
7326210003,LEMBANG BARUPPU UTARA,73.26.14.2001,BARUPPU' UTARA,desa
7326210004,LEMBANG BARUPPU PARODO,73.26.14.2004,BARUPPU' PARODO,desa
7371010001,BONTORANNU,73.71.01.1001,BONTORANNU,desa
7371010002,TAMARUNANG,73.71.01.1009,TAMARUNANG,desa
7371010003,MATTOANGIN,73.71.01.1002,MATTOANGIN,desa
7371010004,KAMPUNG BUYANG,73.71.01.1008,KAMPUNG BUYANG,desa
7371010005,MARISO,73.71.01.1006,MARISO,desa
7371010006,LETTE,73.71.01.1004,LETTE,desa
7371010007,MARIO,73.71.01.1007,MARIO,desa
7371010008,PANAMBUNGAN,73.71.01.1005,PANAMBUNGAN,desa
7371010009,KUNJUNG MAE,73.71.01.1003,KUNJUNG MAE,desa
7371020001,TAMPARANG KEKE,73.71.02.1011,TAMPARANG KEKE,desa
7371020002,SAMBUNG JAWA,73.71.02.1001,SAMBUNG JAWA,desa
7371020003,KARANG ANYAR,73.71.02.1013,KARANG ANYAR,desa
7371020004,BAJI MAPPAKASUNGGU,73.71.02.1012,BAJI MAPPAKASUNGGU,desa
7371020005,PA'BATANG,73.71.02.1007,PA'BATANG,desa
7371020006,PARANG,73.71.02.1002,PARANG,desa
7371020007,BONTO LEBANG,73.71.02.1006,BONTO LEBANG,desa
7371020008,MAMAJANG DALAM,73.71.02.1004,MAMAJANG DALAM,desa
7371020009,LABUANG BAJI,73.71.02.1009,LABUANG BAJI,desa
7371020010,BONTO BIRAENG,73.71.02.1008,BONTO BIRAENG,desa
7371020011,MANDALA,73.71.02.1010,MANDALA,desa
7371020012,MARICAYA SELATAN,73.71.02.1005,MARICAYA SELATAN,desa
7371020013,MAMAJANG LUAR,73.71.02.1003,MAMAJANG LUAR,desa
7371030001,BAROMBONG,73.71.10.1001,BAROMBONG,desa
7371030002,TANJUNG MERDEKA,73.71.10.1010,TANJUNG MERDEKA,desa
7371030003,MACCINI SOMBALA,73.71.10.1002,MACCINI SOMBALA,desa
7371030004,BALANG BARU,73.71.10.1006,BALANG BARU,desa
7371030005,JONGAYA,73.71.10.1003,JONGAYA,desa
7371030006,BONGAYA,73.71.10.1005,BONGAYA,desa
7371030007,PA'BAENG-BAENG,73.71.10.1008,PA'BAENG-BAENG,desa
7371030008,MANNURUKI,73.71.10.1007,MANNURUKI,desa
7371030009,PARANG TAMBUNG,73.71.10.1009,PARANG TAMBUNG,desa
7371030010,MANGASA,73.71.10.1004,MANGASA,desa
7371030011,BONTO DURI,73.71.10.1011,BONTO DURI,desa
7371031001,GUNUNG SARI,73.71.13.1010,GUNUNG SARI,desa
7371031002,KARUNRUNG,73.71.13.1009,KARUNRUNG,desa
7371031003,MAPPALA,73.71.13.1003,MAPPALA,desa
7371031004,KASSI-KASSI,73.71.13.1002,KASSI - KASSI,desa
7371031005,BONTO MAKKIO,73.71.13.1005,BONTO MAKKIO,desa
7371031006,TIDUNG,73.71.13.1001,TIDUNG,desa
7371031007,BANTA-BANTAENG,73.71.13.1008,BANTA-BANTAENG,desa
7371031008,BUAKANA,73.71.13.1004,BUAKANA,desa
7371031009,RAPPOCINI,73.71.13.1006,RAPPOCINI,desa
7371031010,BALLAPARANG,73.71.13.1007,BALLA PARANG,desa
7371031011,MINASA UPA,73.71.13.1011,MINASA UPA,desa
7371040001,MARICAYA,73.71.03.1001,MARICAYA,desa
7371040002,MARICAYA BARU,73.71.03.1006,MARICAYA BARU,desa
7371040003,MARADEKAYA SELATAN,73.71.03.1009,MARADEKAYA SELATAN,desa
7371040004,BARA-BARAYA SELATAN,73.71.03.1008,BARA BARAYA SELATAN,desa
7371040005,BARA-BARAYA,73.71.03.1002,BARA BARAYA,desa
7371040006,MARADEKAYA,73.71.03.1003,MARADEKAYA,desa
7371040007,MARADEKAYA UTARA,73.71.03.1013,MARADEKAYA UTARA,desa
7371040008,BARA-BARAYA UTARA,73.71.03.1014,BARA BARAYA UTARA,desa
7371040009,BARA-BARAYA TIMUR,73.71.03.1007,BARA BARAYA TIMUR,desa
7371040010,MACCINI PARANG,73.71.03.1011,MACCINI PARANG,desa
7371040011,MACCINI,73.71.03.1005,MACCINI,desa
7371040012,MACCINI GUSUNG,73.71.03.1012,MACCINI GUSUNG,desa
7371040013,BARANA,73.71.03.1010,BARANA,desa
7371040014,LARIANG BANGI,73.71.03.1004,LARIANGBANGI,desa
7371050001,LAE - LAE,73.71.04.1007,LAE-LAE,desa
7371050002,LOSARI,73.71.04.1008,LOSARI,desa
7371050003,MANGKURA,73.71.04.1002,MANGKURA,desa
7371050004,PISANG SELATAN,73.71.04.1003,PISANG SELATAN,desa
7371050005,LAJANGIRU,73.71.04.1010,LAJANGIRU,desa
7371050006,SAWERIGADING,73.71.04.1009,SAWERIGADING,desa
7371050007,MALOKU,73.71.04.1001,MALOKU,desa
7371050008,BULOGADING,73.71.04.1006,BULOGADING,desa
7371050009,BARU,73.71.04.1005,BARU,desa
7371050010,PISANG UTARA,73.71.04.1004,PISANG UTARA,desa
7371060001,PATTUNUANG,73.71.05.1001,PATTUNUANG,desa
7371060002,ENDE,73.71.05.1005,ENDE,desa
7371060003,MELAYU BARU,73.71.05.1008,MELAYU BARU,desa
7371060004,MELAYU,73.71.05.1002,MELAYU,desa
7371060005,BUTUNG,73.71.05.1003,BUTUNG,desa
7371060006,MAMPU,73.71.05.1006,MAMPU,desa
7371060007,MALIMONGAN,73.71.05.1007,MALIMONGAN,desa
7371060008,MALIMONGAN TUA,73.71.05.1004,MALIMONGAN TUA,desa
7371070001,GADDONG,73.71.06.1003,GADDONG,desa
7371070002,WAJO BARU,73.71.06.1002,WAJO BARU,desa
7371070003,TOMPO BALANG,73.71.06.1010,TOMPO BALANG,desa
7371070004,MALIMONGAN BARU,73.71.06.1001,MALIMONGAN BARU,desa
7371070005,TIMUNGAN LOMPOA,73.71.06.1012,TIMUNGAN LOMPOA,desa
7371070006,BARAYA,73.71.06.1005,BARAYA,desa
7371070007,BONTOALA,73.71.06.1004,BONTOALA,desa
7371070008,BONTOALA PARANG,73.71.06.1009,BONTOALA PARANG,desa
7371070009,BONTOALA TUA,73.71.06.1008,BONTOALA TUA,desa
7371070010,BUNGA EJAYA,73.71.06.1011,BUNGA EJAYA,desa
7371070011,LAYANG,73.71.06.1006,LAYANG,desa
7371070012,PARANG LAYANG,73.71.06.1007,PARANG LAYANG,desa
7371080004,UJUNG TANAH,73.71.08.1006,UJUNG TANAH,desa
7371080005,TAMALABBA,73.71.08.1010,TAMALABBA,desa
7371080006,TABARINGAN,73.71.08.1002,TABARINGAN,desa
7371080007,TOTAKA,73.71.08.1009,TOTAKA,desa
7371080008,PATTINGALLOANG,73.71.08.1003,PATINGALLOANG,desa
7371080009,GUSUNG,73.71.08.1004,GUSUNG,desa
7371080010,PATTINGALLOANG BARU,73.71.08.1012,PATINGALLOANG BARU,desa
7371080011,CAMBA BERUA,73.71.08.1011,CAMBA BERUA,desa
7371080012,CAMBAYA,73.71.08.1005,CAMBAYA,desa
7371081001,KODINGARENG,73.71.15.1003,KODINGARENG,desa
7371081002,BARRANG CADDI,73.71.15.1001,BARRANG CADDI,desa
7371081003,BARRANG LOMPO,73.71.15.1002,BARRANG LOMPO,desa
7371090001,BUNGA EJA BERU,73.71.07.1015,BUNGA EJA  BERU,desa
7371090002,LEMBO,73.71.07.1014,LEMBO,desa
7371090003,KALUKUANG,73.71.07.1002,KALUKUANG,desa
7371090004,LA'LATANG,73.71.07.1008,LA'LATANG,desa
7371090005,RAPPOJAWA,73.71.07.1004,RAPPOJAWA,desa
7371090006,TAMMUA,73.71.07.1010,TAMMUA,desa
7371090007,RAPPOKALLING,73.71.07.1005,RAPPOKALLING,desa
7371090008,WALA-WALAYA,73.71.07.1009,WALA-WALAYA,desa
7371090009,UJUNG PANDANG BARU,73.71.07.1013,UJUNG PANDANG BARU,desa
7371090010,SUWANGGA,73.71.07.1012,SUANGGA,desa
7371090011,PANNAMPU,73.71.07.1001,PANNAMPU,desa
7371090012,KALUKU BODOA,73.71.07.1003,KALUKU BODOA,desa
7371090013,BULOA,73.71.07.1011,BULOA,desa
7371090014,TALLO,73.71.07.1007,TALLO,desa
7371090015,LAKKANG,73.71.07.1006,LAKKANG,desa
7371100007,PAROPO,73.71.09.1011,PAROPO,desa
7371100008,KARAMPUANG,73.71.09.1005,KARAMPUANG,desa
7371100009,PANDANG,73.71.09.1008,PANDANG,desa
7371100010,MASALE,73.71.09.1007,MASALE,desa
7371100011,TAMAMAUNG,73.71.09.1006,TAMAMAUNG,desa
7371100012,KARUWISI,73.71.09.1001,KARUWISI,desa
7371100013,SINRI JALA,73.71.09.1010,SINRIJALA,desa
7371100014,KARUWISI UTARA,73.71.09.1009,KARUWISI UTARA,desa
7371100015,PAMPANG,73.71.09.1004,PAMPANG,desa
7371100016,PANAIKANG,73.71.09.1002,PANAIKANG,desa
7371100017,TELLO BARU,73.71.09.1003,TELLO BARU,desa
7371101001,BORONG,73.71.12.1006,BORONG,desa
7371101002,BANGKALA,73.71.12.1002,BANGKALA,desa
7371101003,TAMANGAPA,73.71.12.1003,TAMANGAPA,desa
7371101004,MANGGALA,73.71.12.1001,MANGGALA,desa
7371101005,ANTANG,73.71.12.1004,ANTANG,desa
7371101006,BATUA,73.71.12.1005,BATUA,desa
7371101007,BITOWA,73.71.12.1008,BITOWO,desa
7371101008,BIRING ROMANG,73.71.12.1007,BIRING ROMANG,desa
7371110009,P A I,73.71.11.1003,PAI,desa
7371110004,PACCERAKANG,73.71.11.1001,PACCERAKKANG,desa
7371110005,DAYA,73.71.11.1002,DAYA,desa
7371110010,SUDIANG RAYA,73.71.11.1006,SUDIANG RAYA,desa
7371110011,SUDIANG,73.71.11.1005,SUDIANG,desa
7371110012,BULUROKENG,73.71.11.1004,BULUROKENG,desa
7371110013,UNTIA,73.71.11.1007,UNTIA,desa
7371110014,BERUA,73.71.11.1009,BERUA,desa
7371110015,KATIMBANG,73.71.11.1010,KATIMBANG,desa
7371110016,BAKUNG,73.71.11.1011,BAKUNG,desa
7371110017,LAIKANG,73.71.11.1008,LAIKANG,desa
7371111001,TAMALANREA INDAH,73.71.14.1003,TAMALANREA INDAH,desa
7371111002,TAMALANREA JAYA,73.71.14.1006,TAMALANREA JAYA,desa
7371111003,TAMALANREA,73.71.14.1001,TAMALANREA,desa
7371111004,KAPASA,73.71.14.1002,KAPASA,desa
7371111005,PARANG LOE,73.71.14.1004,PARANG LOE,desa
7371111006,BIRA,73.71.14.1005,BIRA,desa
7371111007,BUNTUSU,73.71.14.1007,BUNTUSU,desa
7371111008,KAPASA RAYA,73.71.14.1008,KAPASA RAYA,desa
7372010002,WATANG BACUKIKI,73.72.01.1005,WT. BACUKIKI,desa
7372010003,LEMOE,73.72.01.1009,LEMOE,desa
7372010004,LOMPOE,73.72.01.1004,LOMPOE,desa
7372010005,GALUNG MALOANG,73.72.01.1010,GALUNG MALOANG,desa
7372011001,LUMPUE,73.72.04.1003,LUMPUE,desa
7372011002,BUMI HARAPAN,73.72.04.1006,BUMI HARAPAN,desa
7372011003,SUMPANG MINANGAE,73.72.04.1005,SUMPANG MINANGAE,desa
7372011004,CAPPAGALUNG,73.72.04.1002,CAPPA GALUNG,desa
7372011005,TIRO SOMPE,73.72.04.1004,TIRO SOMPE,desa
7372011006,KAMPUNG BARU,73.72.04.1001,KAMPUNG BARU,desa
7372020001,LABUKKANG,73.72.02.1001,LABUKKANG,desa
7372020002,MALLUSETASI,73.72.02.1005,MALLUSETASI,desa
7372020003,UJUNG SABBANG,73.72.02.1002,UJUNG SABBANG,desa
7372020004,UJUNG BULU,73.72.02.1003,UJUNG BULU,desa
7372020005,LAPADDE,73.72.02.1004,LAPADDE,desa
7372030001,KAMPUNG PISANG,73.72.03.1004,KAMPUNG PISANG,desa
7372030002,LAKESSI,73.72.03.1001,LAKESSI,desa
7372030003,UJUNG BARU,73.72.03.1002,UJUNG BARU,desa
7372030004,UJUNG LARE,73.72.03.1005,UJUNG LARE,desa
7372030005,BUKIT INDAH,73.72.03.1006,BUKIT INDAH,desa
7372030006,WATANG SOREANG,73.72.03.1003,WATANG SOREANG,desa
7372030007,BUKIT HARAPAN,73.72.03.1007,BUKIT HARAPAN,desa
7373010002,SAMPODDO,73.73.03.1006,SAMPODDO,desa
7373010003,SONGKA,73.73.03.1002,SONGKA,desa
7373010004,TAKKALALA,73.73.03.1001,TAKKALALA,desa
7373010005,BINTURU,73.73.03.1007,BINTURU,desa
7373011001,PURANGI,73.73.07.1002,PURANGI,desa
7373011005,MAWA,73.73.07.1001,MAWA,desa
7373011006,PETA,73.73.07.1003,PETA,desa
7373011007,SENDANA,73.73.07.1004,SENDANA,desa
7373020003,AMASSANGAN,73.73.01.1003,AMASANGAN,desa
7373020004,TOMPOTIKKA,73.73.01.1001,TOMPOTIKKA,desa
7373020005,LAGALIGO,73.73.01.1005,LAGALIGO,desa
7373020006,BOTING,73.73.01.1002,BOTING,desa
7373020007,DANGERAKKO,73.73.01.1011,DANGERAKKO,desa
7373020008,PAJALESANG,73.73.01.1012,PAJALESANG,desa
7373021001,BENTENG,73.73.05.1002,BENTENG,desa
7373021002,SURUTANGA,73.73.05.1001,SURUTANGA,desa
7373021003,PONTAP,73.73.05.1003,PONTAP,desa
7373021004,SALEKOE,73.73.05.1005,SALEKOE,desa
7373021005,SALOTELLUE,73.73.05.1006,SALOTELLUE,desa
7373021006,MALATUNRUNG,73.73.05.1004,MALATUNRUNG,desa
7373021007,PONJALAE,73.73.05.1007,PONJALAE,desa
7373022008,MUNGKAJANG,73.73.08.1001,MUNGKAJANG,desa
7373022009,MURANTE,73.73.08.1002,MURANTE,desa
7373022010,LATUPPA,73.73.08.1003,LATUPPA,desa
7373022011,KAMBO,73.73.08.1004,KAMBO,desa
7373030001,SABBAMPARU,73.73.02.1003,SABBANG PARU,desa
7373030002,BATUPASI,73.73.02.1002,BATUPASI,desa
7373030004,SALOBULO,73.73.02.1005,SALOBULO,desa
7373030005,PENGGOLI,73.73.02.1007,PENGGOLI,desa
7373030006,LUMINDA,73.73.02.1008,LUMINDA,desa
7373030007,PATTENE,73.73.02.1009,PATTENE,desa
7373031006,RAMPOANG,73.73.09.1003,RAMPOANG,desa
7373031007,TEMMALEBBA,73.73.09.1001,TEMMALEBBA,desa
7373031008,BALANDAI,73.73.09.1002,BALANDAI,desa
7373031009,TO'BULUNG,73.73.09.1004,TOBULUNG,desa
7373031010,BUNTU DATU,73.73.09.1005,BUNTU DATU,desa
7373040002,MANCANI,73.73.04.1003,MANCANI,desa
7373040003,SALUBATTANG,73.73.04.1005,SALUBATTANG,desa
7373040004,MAROANGIN,73.73.04.1002,MAROANGIN,desa
7373040005,JAYA,73.73.04.1006,JAYA,desa
7373040006,SUMARAMBU,73.73.04.1004,SUMARAMBU,desa
7373040007,BATU WALENRANG,73.73.04.1007,BATU WALENRANG,desa
7373040008,PENTOJANGAN,73.73.04.1008,PETONJANGAN,desa
7373041001,BATTANG,73.73.06.1002,BATTANG,desa
7373041007,TOMARUNDUNG,73.73.06.1001,TOMARUNDUNG,desa
7373041008,BATTANG BARAT,73.73.06.1004,BATTANG BARAT,desa
7373041009,LEBANG,73.73.06.1003,LEBANG,desa
7373041010,PADANG LAMBE,73.73.06.1005,PADANG LAMBE,desa
7401050016,WASUAMBA,74.04.23.2008,WASUAMBA,desa
7401050019,BONELALO,74.04.23.2007,BONELALO,desa
7401050020,LASEMBANGI,74.04.23.2006,LASEMBANGI,desa
7401050021,KAMARU,74.04.23.1005,KAMARU,desa
7401050022,SUANDALA,74.04.23.2004,SUANDALA,desa
7401050023,LAWELE,74.04.23.2003,LAWELE,desa
7401050024,KAKENAUWE,74.04.23.2001,KAKENAUWE,desa
7401050025,WAOLEONA,74.04.23.2002,WAOLEONA,desa
7401050026,WAGARI,74.04.23.2009,WAGARI,desa
7401050027,SRIBATARA,74.04.23.2010,SRIBATARA,desa
7401050028,TOGOMANGURA,74.04.23.2011,TOGOMANGURA,desa
7401050029,WASAMBAA,74.04.23.2012,WASAMBAA,desa
7401050030,TALAGA BARU,74.04.23.2014,TALAGA BARU,desa
7401050031,NAMBO,74.04.23.2015,NAMBO,desa
7401050032,BENTENG,74.04.23.2013,BENTENG,desa
7401051008,AMBUAU INDAH,74.04.24.2006,AMBUAU INDAH,desa
7401051009,MOPAANO,74.04.24.2008,MOPAANO,desa
7401051010,UMALAOGE,74.04.24.2009,UMALAOGE,desa
7401051011,KINAPANI MAKMUR,74.04.24.2007,KINAPANI MAKMUR,desa
7401051012,LASALIMU,74.04.24.2010,LASALIMU,desa
7401051013,SIOMANURU,74.04.24.2013,SIOMANURU,desa
7401051014,SIONTAPINA,74.04.24.2012,SIONTAPINA,desa
7401051015,WAJAH JAYA,74.04.24.2011,WAJAH  JAYA,desa
7401051016,MULYA JAYA,74.04.24.2016,MULYA  JAYA,desa
7401051017,HARAPAN JAYA,74.04.24.2017,HARAPAN JAYA,desa
7401051018,SANGIA ARANO,74.04.24.2018,SANGIA ARANO,desa
7401051019,MEGA BAHARI,74.04.24.2019,MEGABAHARI,desa
7401051020,SUMBER AGUNG,74.04.24.2020,SUMBER AGUNG,desa
7401051021,AMBUAU TOGO,74.04.24.2022,AMBUAU TOGO,desa
7401051022,BALIMU,74.04.24.2023,BALIMU,desa
7401051023,REJO SARI,74.04.24.2021,REJO SARI,desa
7401052001,WALOMPO,74.04.27.2001,WALOMPO,desa
7401052002,MATANAUWE,74.04.27.2002,MATANAUWE,desa
7401052003,SAMPUABALO,74.04.27.2003,SAMPUABALO,desa
7401052004,KURAA,74.04.27.2004,KURAA,desa
7401052005,KUMBEWAHA,74.04.27.2005,KUMBEWAHA,desa
7401052006,SUMBER SARI,74.04.27.2006,SUMBER SARI,desa
7401052007,LABUANDIRI,74.04.27.2007,LABUANDIRI,desa
7401052008,KARYA JAYA,74.04.27.2008,KARYA JAYA,desa
7401052009,MANURU,74.04.27.2009,MANURU,desa
7401052010,BAHARI MAKMUR,74.04.27.2011,BAHARI MAKMUR,desa
7401052011,GUNUNG JAYA,74.04.27.2010,GUNUNGJAYA,desa
7401060006,KONDOWA,74.04.11.2018,KONDOWA,desa
7401060007,DONGKALA,74.04.11.2019,DONGKALA,desa
7401060008,HOLIMOMBO,74.04.11.1020,HOLIMOMBO,desa
7401060009,TAKIMPO,74.04.11.1022,TAKIMPO,desa
7401060010,KOMBELI,74.04.11.1021,KOMBELI,desa
7401060011,AWAINULU,74.04.11.1023,AWAINULU,desa
7401060012,LABURUNCI,74.04.11.2024,LABURUNCI,desa
7401060013,BANABUNGI,74.04.11.2025,BANABUNGI,desa
7401060014,KAMBULABULANA,74.04.11.1026,KAMBULABULANA,desa
7401060015,PASARWAJO,74.04.11.1027,PASARWAJO,desa
7401060016,SARAGI,74.04.11.1028,SARAGI,desa
7401060017,KAONGKEONGKEA,74.04.11.2031,KAONGKEONGKEA,desa
7401060018,WAANGU-ANGU,74.04.11.2002,WAANGU-ANGU,desa
7401060019,WARINTA,74.04.11.2003,WARINTA,desa
7401060020,LAPODI,74.04.11.2004,LAPODI,desa
7401060021,WAKOKO,74.04.11.1005,WAKOKO,desa
7401060022,WASAGA,74.04.11.1006,WASAGA,desa
7401060023,KANCINAA,74.04.11.2007,KANCINAA,desa
7401060024,WINNING,74.04.11.2008,WINNING,desa
7401060029,HOLIMOMBO JAYA,74.04.11.2017,HOLIMOMBO JAYA,desa
7401060030,KABAWOKOLE,74.04.11.2029,KABAWAKOLE,desa
7401060031,MANTOWU,74.04.11.2030,MANTOWU,desa
7401061025,KAUMBU,74.04.28.2001,KAUMBU,desa
7401061026,WOLOWA,74.04.28.2002,WOLOWA,desa
7401061027,MATAWIA,74.04.28.2003,MATAWIA,desa
7401061028,WOLOWA BARU,74.04.28.2004,WOLOWA BARU,desa
7401061029,SUKA MAJU,74.04.28.2005,SUKA MAJU,desa
7401061030,GALANTI,74.04.28.2007,GALANTI,desa
7401061031,BUNGI,74.04.28.2006,BUNGI,desa
7401062001,WASUEMBA,74.04.29.2001,WASUEMBA,desa
7401062002,WABULA,74.04.29.2002,WABULA,desa
7401062003,WASAMPELA,74.04.29.2003,WASAMPELA,desa
7401062004,HOLIMOMBO,74.04.29.2004,HOLIMOMBO,desa
7401062005,KOHOLIMOMBONA,74.04.29.2005,KOHOLIMEMBONA,desa
7401062006,WABULA SATU,74.04.29.2006,WABULA SATU,desa
7401062007,BAJO BAHARI,74.04.29.2007,BAJO BAHARI,desa
7401110001,BARANGKA,74.04.22.2001,BARANGKA,desa
7401110002,WAKALAMBE,74.04.22.2002,WAKALAMBE,desa
7401110003,BONEATIRO,74.04.22.2003,BONEATIRO,desa
7401110004,LAMBUSANGO,74.04.22.2004,LAMBUSANGO,desa
7401110005,WATUMOTOBE,74.04.22.1005,WATUMOTOBE,desa
7401110006,WAONDO WOLIO,74.04.22.2009,WAONDO WOLIO,desa
7401110007,WAKANGKA,74.04.22.1006,WAKANGKA,desa
7401110008,TUANGILA,74.04.22.2008,TUANGILA,desa
7401110009,BUKIT ASRI,74.04.22.2010,BUKIT ASRI,desa
7401110010,TODANGA,74.04.22.2007,TODANGA,desa
7401110011,LAMBUSANGO TIMUR,74.04.22.2012,LAMBUSANGO TIMUR,desa
7401110012,KAMELANTA,74.04.22.2011,KAMELANTA,desa
7401110013,MABULUGO,74.04.22.2014,MABULUGO,desa
7401110014,WAMBULU,74.04.22.2015,WAMBULU,desa
7401110015,WAKULI,74.04.22.2013,WAKULI,desa
7401110016,TUMADA,74.04.22.2016,TUMADA,desa
7401110017,BONEATIRO BARAT,74.04.22.2017,BONEATIRO BARAT,desa
7402010006,LAPADINDI,74.03.27.2014,OENO KANDOLI,desa
7402010007,TANJUNG,74.03.27.2017,MATANO OE,desa
7402010008,OEMPU,74.03.27.2015,WALENGKABHOLA,desa
7402010011,LAHONTOHE,74.03.27.2003,LAMORENDE,desa
7402010012,MATANO OE,74.03.27.2009,LAANO SANDANA,desa
7402010013,FONGKANIWA,74.03.27.2016,FONGKANIWA,desa
7402010014,TOMBULA,74.03.27.1008,TOMBULA,desa
7402010015,DANAGOA,74.03.27.1005,DANAGOA,desa
7402010016,LAMORENDE,74.03.27.2004,LAGHONTOGHE,desa
7402010017,KONTUMOLEPE,74.03.27.1007,KONTUMOLEPE,desa
7402010018,LAKOLOGOU,74.03.27.2006,LAKOLOGOU,desa
7402010019,UP. WUNA,74.03.27.2019,KOTANO WUNA,desa
7402011001,KULIDAWA,74.03.32.2003,KULIDAWA,desa
7402011002,WALE-ALE,74.03.32.2002,WAALE-ALE,desa
7402011003,LABASA,74.03.32.2004,LABASA,desa
7402011004,LAWAMA,74.03.32.1001,KATUMPU,desa
7402011005,WATONDO,74.03.32.2005,OWE WAUNGKA,desa
7402011006,LIANOSA,74.03.32.2006,LIANOSA,desa
7402020010,WARAMBE,74.03.25.2004,WARAMBE,desa
7402020011,WALAMBENO WITE,74.03.25.1006,WALAMBENO WITE,desa
7402020012,WAKUMORO,74.03.25.1005,WAKUMORO,desa
7402020013,WAKUMORO,74.03.25.2012,KOSUNDANO,desa
7402020014,KOLASA,74.03.25.1007,KOLASA,desa
7402020015,PARIGI,74.03.25.2008,PARIGI,desa
7402020016,WASOLANGKA,74.03.25.1009,WASOLANGKA,desa
7402020017,WAPUALE,74.03.25.2010,WAPUALE,desa
7402020018,LABULU-BULU,74.03.25.2001,LABULU BULU,desa
7402020019,LATAMPU,74.03.25.2002,LATAMPU,desa
7402020020,LAIBA,74.03.25.2003,LAIBA,desa
7402021006,BONE TONDO,74.03.26.2006,BONE TONDO,desa
7402021007,BONE LOLIBU,74.03.26.2008,BONE LOLIBU,desa
7402021008,BHONE KAINSETALA,74.03.26.2007,BHONE KAINSETALA,desa
7402021011,MATOMBURA,74.03.26.2010,MATOMBURA,desa
7402021012,OELONGKO,74.03.26.2009,OELONGKO,desa
7402022001,PASIKUTA,74.03.31.2003,PASIKUTA,desa
7402022002,TAPI-TAPI,74.03.31.2004,TAPITAPI,desa
7402022003,MAROBO,74.03.31.2001,MAROBO,desa
7402022004,WADOLAO,74.03.31.2002,WADOLAO,desa
7402022005,POAROHA,74.03.31.2005,POAROHA,desa
7402030001,KAWITE WITE,74.03.24.2002,KAWITE WITE,desa
7402030002,LAMANU,74.03.24.2001,LAMANU,desa
7402030003,WANTIWORO,74.03.24.2013,WANTIWORO,desa
7402030004,KASAKA,74.03.24.2014,KASAKA,desa
7402030005,LAMAEO,74.03.24.2012,LAMAEO,desa
7402030006,KONTUMERE,74.03.24.2011,KONTUMERE,desa
7402030007,KAMBAWUNA,74.03.24.2010,KAMBAWUNA,desa
7402030008,LAIMPI,74.03.24.1009,LAIMPI,desa
7402030009,BENTE,74.03.24.2003,BENTE,desa
7402030010,R A N G K A,74.03.24.2006,RANGKA,desa
7402030019,BEA,74.03.24.2004,BEA,desa
7402031001,KOMBA-KOMBA,74.03.23.2001,KOMBA KOMBA,desa
7402031002,OENSULI,74.03.23.2008,OENSULI,desa
7402031003,KABANGKA,74.03.23.2002,KABANGKA,desa
7402031004,SARIMULYO,74.03.23.2007,SARIMULYO,desa
7402031005,WAKOBALU AGUNG,74.03.23.2003,WAKOBALU AGUNG,desa
7402031006,WANSUGI,74.03.23.2009,WANSUGI,desa
7402031007,WATALIKU,74.03.23.2010,WATALIKU,desa
7402031008,LAKANDITO,74.03.23.2011,LAKANDITO,desa
7402031009,LUPIA,74.03.23.2004,LUPIA,desa
7402032001,LAHORIO,74.03.30.2006,LAGHORIO,desa
7402032002,KAFOO-FOO,74.03.30.2001,KAFO FOO,desa
7402032003,KONTUKOWUNA,74.03.30.2005,KONTU KOWUNA,desa
7402032004,BAHUTARA,74.03.30.2004,BAHUTARA,desa
7402032005,KILAMBIBITO,74.03.30.2003,KILAMBIBITO,desa
7402032006,LEMBO,74.03.30.2002,KAROO,desa
7402061001,LIABALANO,74.03.20.2001,LIABALANO,desa
7402061002,KONTUNAGA,74.03.20.2004,KONTUNAGA,desa
7402061003,MADODO,74.03.20.2005,MAABHODO,desa
7402061004,MASALILI,74.03.20.2006,MASALILI,desa
7402061005,BUNGI,74.03.20.2003,BUNGI,desa
7402061010,LAPODIDI,74.03.20.2002,LAPODIDI,desa
7402062001,LABAHA,74.03.19.2008,LABAHA,desa
7402062003,BANGKALI,74.03.19.2006,BANGKALI,desa
7402062004,BHANGKALI BARAT,74.03.19.2005,BHANGKALI BARAT,desa
7402062005,DANA,74.03.19.1004,DANA,desa
7402062006,LAKAPODO,74.03.19.2001,LAKAPODO,desa
7402062007,WAKADIA,74.03.19.2002,WAKADIA,desa
7402062008,MATARAWA,74.03.19.2003,MATARAWA,desa
7402070018,RAHA I,74.03.16.1008,RAHA I,desa
7402070019,LAENDE,74.03.16.1007,LAENDE,desa
7402070020,FOO KUNI,74.03.16.1006,FOO KUNI,desa
7402070021,WATONEA,74.03.16.1001,WATONEA,desa
7402070022,RAHA  II,74.03.16.1005,RAHA II,desa
7402070023,BUTUNG-BUTUNG,74.03.16.1004,BUTUNG BUTUNG,desa
7402070024,WAMPONIKI,74.03.16.1003,WAMPONIKI,desa
7402070025,RAHA III,74.03.16.1002,RAHA III,desa
7402071001,LIANGKOBORI,74.03.18.2001,LIANGKOBORI,desa
7402071002,MABOLU,74.03.18.2002,MAABHOLU,desa
7402071003,KONDONGIA,74.03.18.2003,KONDONGIA,desa
7402071004,WAARA,74.03.18.2004,WAARA,desa
7402071005,MANTOBUA,74.03.18.2005,MANTOBUA,desa
7402071006,KORIHI,74.03.18.2008,KORIHI,desa
7402071007,LAKARINTA,74.03.18.2009,LAKARINTA,desa
7402071008,LOHIA,74.03.18.2007,LOHIA,desa
7402071009,LOGHIYA,74.03.18.2006,LOGHIYA,desa
7402072001,BANGGAI,74.03.17.2007,BANGGAI,desa
7402072002,LASUNAPA,74.03.17.2006,LASUNAPA,desa
7402072003,GHONSUME,74.03.17.2001,GHONSUME,desa
7402072004,WAPUNTO,74.03.17.1005,WAPUNTO,desa
7402072005,GHONE BHALANO,74.03.17.2004,GHONE BHALANO,desa
7402072006,LAGASA,74.03.17.2003,LAGASA,desa
7402072007,PALANGGA,74.03.17.1002,PALANGGA,desa
7402073001,WAWESA,74.03.15.2001,WAWESA,desa
7402073002,LAIWORU,74.03.15.1004,LAIWORU,desa
7402073003,WAKORAMBU,74.03.15.2002,WAKORAMBU,desa
7402073004,SIDODADI,74.03.15.1003,SIDODADI,desa
7402080008,LAMBIKU,74.03.06.2009,LAMBIKU,desa
7402080009,PENTIRO,74.03.06.2006,PENTIRO,desa
7402080010,NAPABALANO,74.03.06.1004,NAPABALANO,desa
7402080011,TAMPO,74.03.06.1005,TAMPO,desa
7402080012,NAPALAKURA,74.03.06.2003,NAPALAKURA,desa
7402080013,LANGKUMAPO,74.03.06.2007,LANGKUMAPO,desa
7402081001,BANGUN SARI,74.03.14.2001,BANGUN SARI,desa
7402081002,LASALEPA,74.03.14.2007,LASALEPA,desa
7402081003,PARIDA,74.03.14.2006,PARIDA,desa
7402081004,LABUNTI,74.03.14.2005,LABUNTI,desa
7402081005,BONEA,74.03.14.2003,BONEA,desa
7402081006,LABONE,74.03.14.2002,LABONE,desa
7402081007,KOMBUNGO,74.03.14.2004,KOMBUNGO,desa
7402083001,RENDA,74.03.37.2004,RENDA,desa
7402083002,BHONTU-BHONTU,74.03.37.2005,BHONTU-BHONTU,desa
7402083003,M O A S I,74.03.37.2003,MOASI,desa
7402083004,LAKARAMA,74.03.37.2002,LAKARAMA,desa
7402083005,WANGKOLABU,74.03.37.2001,WANGKOLABU,desa
7402090009,WAKORUMBA,74.03.13.2006,WAKORUMBA,desa
7402090010,PURE,74.03.13.2005,PURE,desa
7402090011,BAKEALU,74.03.13.2004,BHAKEALU,desa
7402090012,LABUNIA(PURE),74.03.13.1003,LABUNIA,desa
7402090013,WAMBONA,74.03.13.2001,WAMBONA,desa
7402091001,LIWUMETINGKI,74.03.28.2008,LIWUMETINGKI,desa
7402091002,KAMOSOPE,74.03.28.2007,KAMOSOPE,desa
7402091007,POLA,74.03.28.2002,POLA,desa
7402091008,KOGHOLIFANO,74.03.28.2001,KOGHOLIFANO,desa
7402091009,LABULAWA,74.03.28.2009,LABULAWA,desa
7402091010,BUMBU,74.03.28.2010,BUMBU,desa
7402092001,KOLESE,74.03.33.2001,KOLESE,desa
7402092002,MATA INDAHA,74.03.33.2003,MATA INDAHA,desa
7402092003,LAMBELU,74.03.33.2004,LAMBELU,desa
7402092004,TAMPUNABALE,74.03.33.2002,TAMPUNABALE,desa
7402111004,POHORUA,74.03.07.2007,POHORUA,desa
7402111005,LAPOLE,74.03.07.2005,LAPOLE,desa
7402111006,MALIGANO,74.03.07.2004,MALIGANO,desa
7402111007,RAIMUNA,74.03.07.2003,RAIMUNA,desa
7402111008,LATOMPA,74.03.07.2002,LATOMPA,desa
7402111009,LANGKORONI,74.03.07.2001,LANGKORONI,desa
7402112001,BALUARA,74.03.34.2004,BALUARA,desa
7402112002,MOOLO,74.03.34.2003,MOOLO,desa
7402112003,LANOBAKE,74.03.34.2002,LANOBAKE,desa
7402112004,BONE-BONE,74.03.34.2001,BONE BONE,desa
7403090010,WAWORAHA,74.02.11.2004,WAWORAHA,desa
7403090011,SOROPIA,74.02.11.2010,SOROPIA,desa
7403090012,SAWAPUDO,74.02.11.2012,SAWAPUDO,desa
7403090013,ATOWATU,74.02.11.2002,ATOWATU,desa
7403090014,TORONIPA,74.02.11.1001,TORONIPA,desa
7403090015,BOKORI,74.02.11.2014,BOKORI,desa
7403090016,MEKAR,74.02.11.2016,MEKAR,desa
7403090017,BAJO INDAH,74.02.11.2017,BAJO INDAH,desa
7403090018,TAPULAGA,74.02.11.2011,TAPULAGA,desa
7403090019,SORUE JAYA,74.02.11.2006,SORUE JAYA,desa
7403090020,SAPONDA,74.02.11.2015,SAPONDA,desa
7403090023,TELAGA BIRU,74.02.11.2022,TELAGA BIRU,desa
7403090024,BAJOE,74.02.11.2024,BAJOE,desa
7403090025,LEPPE,74.02.11.2023,LEPPE,desa
7403090026,SAPONDA LAUT,74.02.11.2025,SAPONDA LAUT,desa
7403091001,BATU GONG,74.02.36.2011,BATU GONG,desa
7403091002,WATUNGGARANDU,74.02.36.1009,WATUNGGARANDU,desa
7403091003,TOOLAWAWO,74.02.36.2008,TOOLAWAWO,desa
7403091004,LALONGGASUMEETO,74.02.36.2007,LOLANGGASUMEETO,desa
7403091005,BUMI INDAH,74.02.36.2006,BUMI INDAH,desa
7403091006,PUUWONUA,74.02.36.2005,PUUWONUA,desa
7403091007,LALOMBONDA,74.02.36.2004,LALOMBONDA,desa
7403091008,RAPAMBINOPAKA,74.02.36.2003,RAPAMBINOPAKA,desa
7403091009,NII TANASA,74.02.36.2002,NII TANASA,desa
7403091010,TOLI-TOLI,74.02.36.2001,TOLI TOLI,desa
7403091011,WAWOBUNGI,74.02.36.2010,WAWOBUNGI,desa
7403100010,BAINI,74.02.05.2036,BAENI,desa
7403100011,KONGGA MEA,74.02.05.2052,KONGGA MEA,desa
7403100012,POHARA,74.02.05.2041,POHARA,desa
7403100013,ANDEPALI,74.02.05.2006,ANDEPALI,desa
7403100014,WAWOLIMBUE,74.02.05.2030,WAWOLIMBUE,desa
7403100015,SAMPARA,74.02.05.1001,SAMPARA,desa
7403100016,ANDADOWI,74.02.05.2012,ANDADOWI,desa
7403100017,POLUA,74.02.05.2038,POLUA,desa
7403100018,RAWUA,74.02.05.1007,RAWUA,desa
7403100019,BAO-BAO,74.02.05.2028,BOA BOA,desa
7403100020,PUULORO,74.02.05.2009,PUULORO,desa
7403100021,BONDOALA,74.02.05.2048,BONDOALA,desa
7403100022,ANDAROA,74.02.05.2008,ANDAROA,desa
7403100023,TOTOMBE JAYA,74.02.05.2027,TOTOMBE JAYA,desa
7403100024,WOWA ANDAROA,74.02.05.2057,WAWO ANDAROA,desa
7403101010,PEBUNOOHA DALAM,74.02.21.2018,PEBUNOOHA DALAM,desa
7403101011,PEBUNOOHA,74.02.21.2002,PEBUNOOHA,desa
7403101012,RUMBIA,74.02.21.2023,RUMBIA,desa
7403101013,DIOLO,74.02.21.2009,DIOLO,desa
7403101014,LAOSU,74.02.21.1003,LAOSU,desa
7403101015,LALONGGALUKU,74.02.21.2004,LALONGGALAKU,desa
7403101026,RAMBU KONGGA,74.02.21.2028,RAMBU KONGGA,desa
7403101027,LAOSU JAYA,74.02.21.2029,LAOSU JAYA,desa
7403101028,LALONGGALUKU TIMUR,74.02.21.2031,LANGGALUKU TIMUR,desa
7403102001,ULU POHARA,74.02.20.2006,ULUPOHARA,desa
7403102002,AMOSILU,74.02.20.2002,AMOSILU,desa
7403102003,RANOMOLUA,74.02.20.2008,RANOMOLUA,desa
7403102004,LAWONUA,74.02.20.2001,LAWONUA,desa
7403102005,ASUNDE,74.02.20.2005,ASUNDA,desa
7403102006,ANDOMESINGGO,74.02.20.2011,ANDOMESINGGO,desa
7403102007,BESULUTU,74.02.20.1003,BESULUTU,desa
7403102008,ONEMBUTE,74.02.20.2010,ONEMBUTE,desa
7403102009,LABELA,74.02.20.2007,LABELA,desa
7403102010,SILEA,74.02.20.2009,SILEA,desa
7403102011,LALOUMERA,74.02.20.2004,LALOUMERA,desa
7403102012,PUULOWARU,74.02.20.2012,PUULOWARU,desa
7403102013,PUUNDOHO,74.02.20.2013,PUUNDOHO,desa
7403102014,PUNGGALUKU,74.02.20.2014,PUNGGALUKU,desa
7403102015,WAWORAHA,74.02.20.2015,WAWORAHA,desa
7403102017,LALOWULO,74.02.20.2016,LALOWULO,desa
7403103001,LAMENDORA,74.02.33.2006,LAMENDORA,desa
7403103002,KAPOI ALA,74.02.33.1001,KAPOIALA,desa
7403103003,SAMBARAASI,74.02.33.2005,SAMBARAASI,desa
7403103004,LABOTOY,74.02.33.2003,LABOTOY,desa
7403103005,PEREOA,74.02.33.2008,PEREOE,desa
7403103006,LALIMBUE,74.02.33.2010,LALIMBUE,desa
7403103007,MUARA SAMPARA,74.02.33.2004,MUARA SAMPARA,desa
7403103008,ULU LALIMBUE,74.02.33.2009,ULU LALIMBUE,desa
7403103009,LALIMBUE JAYA,74.02.33.2002,LALIMBUE JAYA,desa
7403103010,TANI INDAH,74.02.33.2007,TANI INDAH,desa
7403103011,TOMBAWATU,74.02.33.2011,TOMBAWATU,desa
7403103012,KAPOIALA BARU,74.02.33.2013,KAPOIALA BARU,desa
7403103013,LABOTOY JAYA,74.02.33.2014,LABOTOY JAYA,desa
7403103014,LALONGGOBUNO,74.02.33.2012,LALONGGOMBUNO,desa
7403104001,ANGGALOMOARE JAYA,74.02.40.2009,ANGGALOMOARE JAYA,desa
7403104002,ANGGALOMOARE,74.02.40.2001,ANGGALOMOARE,desa
7403104003,LASOSO,74.02.40.2002,LASOSO,desa
7403104004,LAKOMEA,74.02.40.2003,LAKOME,desa
7403104005,ABELISAWAH,74.02.40.2004,ABELISAWAH,desa
7403104006,PUUSAWAH JAYA,74.02.40.2010,PUSAWA JAYA,desa
7403104007,ANDOBEU JAYA,74.02.40.2008,ANDOBEU JAYA,desa
7403104008,GALU,74.02.40.2005,GALU,desa
7403104009,PUUSANGI,74.02.40.2007,PUUSANGI,desa
7403104010,TABANGGELE,74.02.40.2006,TABANGGELE,desa
7403105001,MENDIKONU,74.02.39.2001,MENDIKONU,desa
7403105002,WONUA MORINI,74.02.39.2002,WONUA MORINI,desa
7403105003,BESU,74.02.39.2003,BESU,desa
7403105004,PAKU,74.02.39.2004,PAKU,desa
7403105005,PUURUY,74.02.39.2005,PUURUY,desa
7403105006,MOROSI,74.02.39.2006,MOROSI,desa
7403105007,PORARA,74.02.39.2010,PORARA,desa
7403105008,TANGGOBU,74.02.39.2007,TANGGOBU,desa
7403105009,PAKU JAYA,74.02.39.2008,PAKU JAYA,desa
7403105010,TONDOWATU,74.02.39.2009,TONDOWATU,desa
7403130045,TANGGOBU,74.02.01.2015,TANGGOBU,desa
7403130046,MERAKA,74.02.01.2027,MERAKA,desa
7403130047,WAWORAHA,74.02.01.2012,WAWORAHA,desa
7403130048,AWULITI,74.02.01.2006,AWULITI,desa
7403130049,AMBERI,74.02.01.2011,AMBERI,desa
7403130055,LAMBUYA,74.02.01.1001,LAMBUYA,desa
7403130056,ASAKI,74.02.01.2007,ASAKI,desa
7403130059,WATAREMA,74.02.01.2036,WATAREMA,desa
7403130060,WONUA HOA,74.02.01.2035,WANUA HOA,desa
7403130061,TETEMBOMUA,74.02.01.2037,TETEMBOMUA,desa
7403131001,BARUGA,74.02.18.2008,BARUGA,desa
7403131002,LANGGOMEA,74.02.18.2006,LANGGOMEA,desa
7403131003,MATAHOALU,74.02.18.2005,MATAHOALU,desa
7403131004,TAWAROTEBOTA,74.02.18.2003,TAWAROTEBOTA,desa
7403131005,TAWAMELEWE,74.02.18.2010,TAWAMELEWE,desa
7403131007,AMERORO,74.02.18.2002,AMERORO,desa
7403131008,AMAROA,74.02.18.2009,AMAROA,desa
7403131009,RAWUA,74.02.18.2007,RAWUA,desa
7403131010,ANGGOPIU,74.02.18.2011,ANGGOPIU,desa
7403131011,OLO-OLOHO,74.02.18.2004,ALO-OLOHO,desa
7403131012,HUMBOTO,74.02.18.2013,HUMBOTO,desa
7403131013,KASAEDA,74.02.18.2016,KASAEDA,desa
7403131014,TANGGONDIPO,74.02.18.2017,TANGGODIPO,desa
7403131015,TAMESANDI,74.02.18.2012,TAMESANDI,desa
7403131017,ANGGAWO,74.02.18.2015,ANGGAWO,desa
7403131018,PUURODA JAYA,74.02.18.2019,PUURODA JAYA,desa
7403131019,PANGGULAWU,74.02.18.2018,PANGGULAWU,desa
7403132001,PURIALA,74.02.17.2001,PURIALA,desa
7403132002,POANAHA,74.02.17.2005,PUANAHA,desa
7403132003,AHUAWALI,74.02.17.2007,AHUAWALI,desa
7403132004,WATUNDEHOA,74.02.17.1002,WATUNDEHOA,desa
7403132005,SONAI,74.02.17.2003,SONAI,desa
7403132006,WATUSA,74.02.17.2008,WATUSA,desa
7403132007,WONUA MOROME,74.02.17.2006,WONUA MOROME,desa
7403132008,PUUSANGI,74.02.17.2009,PUUSANGI,desa
7403132009,LALONGGATU,74.02.17.2004,LALONGGATU,desa
7403132010,TETEWATU,74.02.17.2012,TETEWATU,desa
7403132011,MOKALELEO,74.02.17.2010,MOKALELEO,desa
7403132012,UNGGULINO,74.02.17.2011,UNGGULINO,desa
7403132013,TETEHAKA,74.02.17.2013,TETEHAKA,desa
7403132014,PUUHOPA,74.02.17.2014,PUUHOPA,desa
7403132015,LALOONAHA,74.02.17.2015,LALOONAHA,desa
7403132016,WAWOSANGGULA,74.02.17.2016,WAWOSANGGULA,desa
7403133001,TRIMULYA,74.02.37.2002,TRIMULYA,desa
7403133002,NAPOOSI,74.02.37.2003,NONOOSI,desa
7403133003,KASUMEIA,74.02.37.2008,KASUMEIA,desa
7403133004,ULU ONEMBUTE,74.02.37.2009,ULU ONEMBUTE,desa
7403133005,ONEMBUTE,74.02.37.1001,ONEMBUTE,desa
7403133006,KUMAPO,74.02.37.2007,KUMAPO,desa
7403133007,ULU MERAKA,74.02.37.2005,ULUMERAKA,desa
7403133008,TAWAPANDERE,74.02.37.2010,TAWAPANDERE,desa
7403133009,SILEA,74.02.37.2004,SILEA,desa
7403133010,MATAIWOI,74.02.37.2006,MATAIWOI,desa
7403133011,ANA ONEMBUTE,74.02.37.2012,ANA ONEMBUTE,desa
7403133012,ANGGALOOSI,74.02.37.2011,ANGGALOOSI,desa
7403140003,BELATU,74.02.04.2031,BELATU,desa
7403140004,AHUAWATU,74.02.04.2019,AHUAWATU,desa
7403140005,AMBU ULANU,74.02.04.2030,AMBULANU,desa
7403140022,PUUMBINISI,74.02.04.2035,PUUMBINISI,desa
7403140023,HONGOA,74.02.04.2013,HONGOA,desa
7403140024,MUMUNDOWU,74.02.04.2016,MUMUNDOWU,desa
7403140025,PONDIDAHA,74.02.04.1001,PONDIDAHA,desa
7403140026,AMESIU,74.02.04.2034,AMESIU,desa
7403140027,WAWOLEMO,74.02.04.2039,WAWOLEMO,desa
7403140028,TIRAWUTA,74.02.04.2025,TIRAWUTA,desa
7403140029,LALOIKA,74.02.04.2048,LALOIKA,desa
7403140030,LALONGGOTOMI,74.02.04.2049,LALONGGOTOMI,desa
7403140031,SULEMANDARA,74.02.04.2045,SULEMANDARA,desa
7403140032,LALODANGGE,74.02.04.2046,LALODANGGE,desa
7403140033,WONUA MANDARA,74.02.04.2050,WONUA MANDARA,desa
7403140034,WAWOLAHAMBUTI,74.02.04.2047,WAWOLAHUMBUTI,desa
7403140035,LAHUNGGUMBI,74.02.04.2052,LAHONGGUMBI,desa
7403140036,WONUA MONAPA,74.02.04.2051,WONUA MONAPA,desa
7403141001,DAWI-DAWI,74.02.19.2016,DAWI-DAWI,desa
7403141002,ANGGORO,74.02.19.2028,ANGGORO,desa
7403141003,BENDEWUTA,74.02.19.2017,BENDEWUTA,desa
7403141004,WAWOSOLO,74.02.19.2010,WAWOSOLO,desa
7403141005,PUUDURIA,74.02.19.1009,PUUDURIA,desa
7403141006,DURIASI,74.02.19.2004,DURIAASI,desa
7403141015,WAWONGGOLE,74.02.19.2012,WAWONGGOLE,desa
7403141016,LALOHAO,74.02.19.2019,LALOHAO,desa
7403141017,WAWOONE,74.02.19.2008,WAWOONE,desa
7403141018,WUKUSAO,74.02.19.2020,TOMULIPU / WAKUSAO,desa
7403141021,LALOUSU,74.02.19.2006,LALOUSU,desa
7403141022,TETEMOTAHA,74.02.19.2015,TETEMOTAHA,desa
7403141025,POLANDANGI,74.02.19.2027,POLANDANGI,desa
7403141026,TAWAROLONDO,74.02.19.2026,TAWAROLONDO,desa
7403141029,LANGGONAWE,74.02.19.2018,LANGGONAWE,desa
7403142001,MATABURA,74.02.28.2009,MATABURA,desa
7403142002,WAWOHINE,74.02.28.2010,WAWOHINE,desa
7403142003,DUNGGUA,74.02.28.2007,DUNGGUA,desa
7403142004,BENUA,74.02.28.2008,BENUA,desa
7403142005,MENDIKONU,74.02.28.2011,MENDIKONU,desa
7403142006,AMENDETE,74.02.28.2012,WARANDETE,desa
7403142007,LALONONA,74.02.28.2005,LALONONA,desa
7403142008,AMONGGEDO BARU,74.02.28.1013,AMUNGGEDO BARU,desa
7403142009,WATULAWU,74.02.28.2004,WATULAWU,desa
7403142010,ANAHINUNU,74.02.28.2001,ANAHINUNU,desa
7403142011,PUASANA,74.02.28.2003,PUASANA,desa
7403142012,ULU BENUA,74.02.28.2002,ULU BENUA,desa
7403142013,AMONGGEDO,74.02.28.2006,AMONGGEDO,desa
7403142014,MATAIWOI,74.02.28.2014,MATAIWOI,desa
7403142015,LALOMBONDA,74.02.28.2015,LALOMBONDA,desa
7403143001,LINONGGASAI,74.02.41.2009,LINONGGASAY,desa
7403143002,TETEONA,74.02.41.2007,TETEONA,desa
7403143003,AMBUWIU,74.02.41.2008,AMBUWIU,desa
7403143004,TOBIMEITA,74.02.41.2004,TOBIMEITA,desa
7403143005,BARUGA,74.02.41.2006,BARUGA,desa
7403143006,ANGGADOLA,74.02.41.2014,ANGGADOLA,desa
7403143007,PUDAY,74.02.41.2002,PUDAY,desa
7403143008,LAMBANGI,74.02.41.2010,LAMBANGI,desa
7403143009,LAHUTUTU,74.02.41.2011,LAHOTUTU,desa
7403143010,LAMOKUNI,74.02.41.2012,LAMOKUNI,desa
7403143011,RANOTUNDOBU,74.02.41.2013,RANOTUNDOBU,desa
7403143012,KASUKIA,74.02.41.2005,KASUKIA,desa
7403143013,WONGGEDUKU,74.02.41.2001,WONGGEDUKU,desa
7403143014,WATURAI,74.02.41.2003,WATURAY,desa
7403143015,TETEWONUA,74.02.19.2029,TETEWONUA,desa
7403150004,PUUSINAUWI,74.02.03.1028,PUUSINAUWI,desa
7403150009,RANOEYA,74.02.03.1009,RANOEYA,desa
7403150010,NOHU NOHU,74.02.03.1019,NOHU - NOHU,desa
7403150011,KASUPUTE,74.02.03.1011,KASUPUTE,desa
7403150012,HOPA-HOPA,74.02.03.1007,HOPA-HOPA,desa
7403150013,WAWOTOBI,74.02.03.1001,WAWOTOBI,desa
7403150014,BOSE BOSE,74.02.03.1027,BOSE-BOSE,desa
7403150015,LALOSABILA,74.02.03.1006,LALOSABILA,desa
7403150016,INALAHI,74.02.03.1002,INALAHI,desa
7403150017,INOLOBU,74.02.03.1020,INOLOBU,desa
7403150018,KULAHI,74.02.03.1008,KULAHI,desa
7403150019,PALARAHI,74.02.03.1010,PALARAHI,desa
7403150027,KASUMEWUHO,74.02.03.2031,KASUMEWUHO,desa
7403151001,LAMELAY,74.02.25.2002,LAMELAI,desa
7403151002,MELUHU,74.02.25.1003,MELUHU,desa
7403151003,AHUHU,74.02.25.2004,ABUHU,desa
7403151004,LAROWIU,74.02.25.2006,LAROWIU,desa
7403151005,WOERAHI,74.02.25.2001,WEORAHI,desa
7403151006,TUDAMEASO,74.02.25.2005,TUDAMEASO,desa
7403151007,AHULOA,74.02.25.2007,AHULOA,desa
7403151008,SAMBASULE,74.02.25.2008,SAMBASULE,desa
7403151009,LALOPISI,74.02.25.2009,LALOPISI,desa
7403152001,KONAWE,74.02.32.1003,KONAWE,desa
7403152002,TUDAONE,74.02.32.1002,TUDAONE,desa
7403152003,BUNGGUOSU,74.02.32.1001,BUNGGUOSU,desa
7403152004,TAWANGA,74.02.32.1004,TAWANGA,desa
7403152005,SANGGONA,74.02.32.2005,SANGGONA,desa
7403152006,HUDOA,74.02.32.2009,HUDOA,desa
7403152007,UELAWU,74.02.32.2006,UELAWU,desa
7403152008,MOKOWU,74.02.32.2007,MEKOWU,desa
7403152009,UETE,74.02.32.2008,UETE,desa
7403152010,WONUA MBAE,74.02.32.2010,WONUA MBAE,desa
7403152011,ASINOWOWO,74.02.32.2011,ASINOWOWO,desa
7403152012,PUUWONUA,74.02.32.2012,PUUWONUA,desa
7403170001,PUUNAAHA,74.02.02.1001,PUUNAAHA,desa
7403170002,TUMPAS,74.02.02.1002,TUMPAS,desa
7403170003,AROMBU,74.02.02.1005,AROMBU,desa
7403170004,LATOMA,74.02.02.1003,LATOMA,desa
7403170005,AMBEKAIRI,74.02.02.1004,AMBEKAIRI,desa
7403170006,TUOY,74.02.02.1012,TUOY,desa
7403170007,ASINUA,74.02.02.1006,ASINUA,desa
7403170012,UNAAHA,74.02.02.1013,UNAAHA,desa
7403170013,WAWONGGOLE,74.02.02.1011,WAWONGGOLE,desa
7403170014,INOLOBUNGGADUE,74.02.02.1015,INOLOBUNGGADUE,desa
7403170015,TOBEU,74.02.02.1017,TOBEU,desa
7403170016,ASAMBU,74.02.02.1016,ASAMBU,desa